rain_bin,p50_$per_min,trips
0–1mm,1.34014598540146,27514019
15mm+,1.349736379613357,4553453
1–5mm,1.3571428571428572,6374488
5–15mm,1.3611940298507463,5268418
