dist_bin,p50_$per_min,trips
0–1,1.8383458646616542,10648548
10+,1.4721900347624566,2778439
1–3,1.2633262260127933,21702520
3–5,1.1222493887530562,4880587
5–10,1.2738939816660024,3700284
